YEARDUM,FMERCODE,PROD,AREA,LABOR,NPK,OTHER,PRICE,AREAP,LABORP,NPKP,OTHERP,AGE,EDYRS,HHSIZE,NADULT,BANRAT
1,1,7.87,2.5,161,207.5,52.86376342,5,3821.768014,66.23403727,14.0726747,44.77945945,37,10,7,4,1
1,2,10.35,3.8,184,303.5,284.441761,5,3029.267172,80.43,15.23901153,10.52802862,35,6,5,2,0.93
1,3,9.98,3.4,170,252,77.61649475,5,3413.691547,70.40329412,13.80952381,41.50158215,48,10,5,5,0.58
1,4,4.83,1.4,68,88,14.2976741,5,4438.461225,68.50588235,9.886363636,61.17833065,37,6,3,2,0.36
1,5,8.74,3.6,130,149.8,82.67570272,5,2527.746788,81.89538462,13.0670227,31.52229229,48,6,4,4,0.72
1,6,1.84,0.5,34,21,5.991925653,5,4937.49464,51.74823529,13.81714286,54.24925455,49,10,3,3,1
1,7,7.36,1.75,91,243,37.42882364,5,6173.491997,87.97714286,16.56395062,47.45776545,25,10,3,2,1
1,8,6.67,1.7,114,154.6,34.91877177,5,5493.559363,47.74736842,11.86959897,41.22395855,52,6,8,8,1
1,9,9.2,3,211,166.4,55.46225928,5,3663.165533,45.5442654,15.38653846,41.89260914,54,10,6,4,0.5
1,10,9.29,3.4,192,253.8,67.53230012,5,3044.593136,53.60625,13.04113475,31.87092072,62,6,4,2,0.93
1,11,0.83,0.55,36,40.2,28.71801453,5,1238.499317,54.03333333,12.16716418,25.03818637,31,6,5,2,0
1,12,0.92,0.2,13,16.8,1.458609907,5,7187.5483,61.01538462,13.81428571,99.93087661,39,6,5,2,0.2
1,13,3.91,1.25,80,66,10.10849301,5,3782.473004,47.07,24.69818182,40.33073968,47,10,7,2,1
1,14,7.45,3,155,135,212.6834967,5,2618.701075,45.54580645,17.17333333,8.382112517,51,10,11,9,0.83
1,15,0.92,0.3,15,31.5,22.27648892,5,3663.165533,54.48,10.15619048,26.58206157,50,6,5,5,1
1,16,1.15,0.6,34,44,14.09421166,5,1760.478458,59.11764706,13.18363636,33.31024665,45,6,5,4,0.67
1,17,10.81,4.05,279,286.6,127.1648314,5,2933.655415,42.28473118,14.49630147,30.64462838,50,6,5,5,1
1,18,21.07,5.5,306,462,156.9241418,5,5278.719514,52.18901961,14.54545455,52.47499784,48,6,5,4,1
1,19,13.57,4,229,218,150.4671873,5,4317.670371,57.2520524,14.40440367,34.12944548,25,10,4,4,0.25
1,20,12.24,3.5,237,260.5,164.3485351,5,4538.678679,59.47341772,18.47677543,22.82444743,60,6,4,4,1
1,21,5.11,3,103,144.5,57.23790744,5,1477.318885,94.81165049,20.1384083,30.25295783,53,6,4,4,0.71
1,22,5.43,1.38,86,100.5,17.01191205,5,5519.942544,50.24651163,12.98626866,40.47869503,74,6,2,2,1
1,23,9.66,5.5,200,423.5,362.7959625,5,1545.666343,58.3608,12.83419126,12.31929366,60,6,5,4,0.55
1,24,7.22,2.7,122,190.5,64.68055743,5,2942.252358,89.23672131,16.35149606,32.99695588,50,6,8,5,0
1,25,12.47,4.5,194,490.5,100.8495141,5,3113.557171,69.17443299,14.15926606,33.90682921,33,11,3,3,0.58
1,26,3.17,1.1,61,80.9,35.13308297,5,3314.514143,49.15278689,12.54882571,29.44145269,32,6,4,2,1
1,27,5.06,2.5,117,274.5,15.8999206,5,1911.203492,74.39794872,14.08087432,98.26849385,49,6,7,6,0.8
1,28,5.52,1.4,78,128.8,16.85924809,5,5538.910788,94.54461538,13.22236025,40.57578151,48,6,7,7,0.79
1,29,4.14,2,84,63,26.53800903,5,1977.492735,84.96571429,15.71428571,50.2886256,45,6,4,3,0.25
1,30,2.69,2.5,30,65,39.65542754,5,771.223538,83,13.38461538,37.04159408,41,6,2,2,0.4
1,31,3.82,0.75,39,44,23.42850448,5,8561.43748,69.75384615,13.18363636,31.1825388,34,6,6,3,1
1,32,1.15,0.81,25,67,34.16433499,5,1134.739416,44.736,12.98507463,27.60516194,36,10,5,2,0.51
1,33,5.06,1.6,102,110.5,25.47521912,5,3850.376956,48.57647059,15.0038009,40.54646185,52,6,6,6,0.81
1,34,0.69,1,29,21,19.90321751,5,430.636245,49.51448276,6.902857143,34.92289205,54,6,4,2,0.5
1,35,12.65,3,191,306.5,113.4258902,5,6200.652608,55.49905759,15.48137031,29.57314236,43,6,6,4,0.67
1,36,2.07,1.1,101,125.5,23.11754558,5,1712.730916,40.60514851,12.70948207,37.24969405,37,6,5,4,0.36
1,37,5.06,1,58,145,22.15339137,5,8464.92713,102.0455172,12.99972414,30.71607963,46,10,4,3,1
1,38,17.02,4.6,246,249,68.4525365,5,4982.08885,49.46926829,12.81156627,40.67043593,32,10,9,9,0.54
1,39,1.38,0.8,46,33.5,12.04933916,5,1505.080613,31.07478261,12.98865672,40.67474795,70,6,3,3,1
1,40,3.96,1.75,113,167.5,35.11651669,5,2266.469148,50.21946903,15.43307463,38.53584089,50,6,10,8,0.86
1,41,4.14,1.3,80,79.5,22.03835456,5,3894.205628,59.574,12.76679245,40.67551478,60,6,2,2,1
1,42,8.6,2.3,76,109,67.25814526,5,5069.893703,87.75157895,13.30348624,32.43181043,45,10,10,6,0.72
1,43,1.79,1.5,87,94.5,46.15700837,5,888.92653,36.45517241,13.80825397,24.94256107,39,6,8,4,0.48
2,1,7.18,2.5,138,295.5,56.41704831,4.5,2966.808884,59.01065217,13.85746193,31.24157596,38,10,7,4,1
2,2,10.21,3.8,151,206,352.2204985,4.5,2668.080813,55.82483444,17.23339806,9.357546188,36,6,5,2,0.93
2,3,10.44,4.3,147,444,84.08869758,4.5,2275.160932,99.74693878,13.0627027,49.4897664,49,10,5,5,0.58
2,4,3.13,1.4,88,52.5,40.57627557,4.5,2002.246995,59.84727273,13.81028571,29.73869336,38,6,3,2,0.36
2,5,9.19,3.6,152,204,48.90830075,4.5,2461.02954,77.19118421,12.79294118,46.03937298,49,6,4,4,0.72
2,6,0.97,0.5,17,21,16.94113292,4.5,1613.496933,74.67,13.81714286,46.88384304,50,10,3,3,1
2,7,7.82,1.75,88,218,45.54194891,4.5,6157.11444,88.77647727,14.95486239,62.18042891,26,10,3,2,1
2,8,5.84,1.7,82,158.3,26.87433777,4.5,3966.675647,60.61573171,14.03916614,37.99253308,53,6,8,8,1
2,9,9.89,3,160,178.5,52.48916473,4.5,3707.891054,58.112625,14.81815126,46.82299694,55,10,6,4,0.5
2,10,8.56,3.4,152,318.5,73.77016151,4.5,2408.056941,56.73098684,11.75811617,36.94462902,63,6,4,2,0.93
2,11,1.1,0.55,49,71.8,3.485056373,4.5,1689.3189,41.88,13.1264624,44.56599359,32,6,5,2,0
2,12,0.92,0.2,26,16.8,1.481549607,4.5,6468.79347,45.21923077,13.11428571,86.99539957,40,6,5,2,0.2
2,13,2.85,1.25,80,70.5,11.26904432,4.5,2063.717946,53.727375,15.24765957,46.58558303,48,10,7,2,1
2,14,6.3,3,123,156.7,146.276153,4.5,1819.144845,55.82707317,12.95417996,12.87878243,52,10,11,9,0.83
2,15,0.92,0.3,16,31.5,11.89247146,4.5,3296.84898,48.95625,14.75809524,31.22017163,51,6,5,5,1
2,16,2.12,0.6,28,42,17.19258213,4.5,4154.70339,73.46035714,25.21142857,30.56507138,46,6,5,4,0.67
2,17,5.98,4.05,280,337,100,4.5,1080.228357,50.81807143,14.65922849,46.8687875,51,6,5,5,1
2,18,18.12,5.5,286,506,128.5620928,4.5,3703.995742,61.25496503,14.54561265,39.17165544,49,6,5,4,1
2,19,15.32,4,208,218,154.5524972,4.5,4748.968094,70.69168269,13.9453211,28.36673674,26,10,4,4,0.25
2,20,13.11,3.5,197,316.6,72.57370416,4.5,4576.265507,59.31456853,14.41970941,34.83148655,61,6,4,4,1
2,21,5.84,3.5,129,312,59.77894417,4.5,1289.92398,109.0213953,13.01307692,53.5333351,54,6,4,4,0.71
2,22,4.28,1.38,95,100.5,14.63142763,4.5,3357.543675,45.81726316,12.98626866,46.64787451,75,6,2,2,1
2,23,12.88,5.5,204,599.5,271.8022288,4.5,2150.941681,69.79852941,14.40440367,20.79834245,61,6,5,4,0.55
2,24,5.93,2.7,92,192.5,61.33547799,4.5,1948.245385,92.02597826,16.18161039,29.39542593,51,6,8,5,0
2,25,13.75,4.5,152,423.5,99.99877064,4.5,3277.570542,112.5643421,14.34502952,36.42742282,34,11,3,3,0.58
2,26,2.53,1.1,70,67,41.43181258,4.5,2091.756735,49.53085714,12.98507463,29.15652067,33,6,4,2,1
2,27,5.98,2.5,68,155.2,20.4371165,4.5,2222.960828,137.7423529,13.46597938,72.36710717,50,6,7,6,0.8
2,28,6.39,1.4,75,157,15.16753058,4.5,6383.359714,201.6324,12.93095541,46.63086034,49,6,7,7,0.79
2,29,2.81,2,54,67,37.62693752,4.5,1006.175927,57.96277778,13.88059701,66.42023413,46,6,4,3,0.25
2,30,3.17,1.75,42,75.5,55.52348614,4.5,1456.258187,55.41857143,13.44317881,38.24090454,42,6,2,2,0.4
2,31,1.79,0.75,45,44,8.499604054,4.5,2215.254954,43.012,13.18363636,46.76688437,35,6,6,3,1
2,32,2.3,0.81,31,67,20.61318527,4.5,2913.312842,58.94419355,12.98507463,30.34732342,37,10,5,2,0.51
2,33,5.06,1.6,102,120.5,28.7892038,4.5,3465.339261,81.06941176,13.73278008,47.52196666,53,6,6,6,0.81
2,34,0.64,1,22,21,30.1084507,4.5,352.575648,55.03909091,7.142857143,26.96243295,55,6,4,2,0.5
2,35,7.54,2,89,157.5,71.0205772,4.5,4625.712527,85.5994382,14.95161905,28.62381693,44,6,6,4,1
2,36,3.08,1.1,79,102.4,29.74453424,4.5,2848.88646,60.22253165,12.74296875,33.14491301,38,6,5,4,0.36
2,37,5.29,1,74,144.5,20.87845697,4.5,8227.534091,94.33783784,13.04470588,33.67827506,47,10,4,3,1
2,38,13.71,4.6,236,262,76.45146329,4.5,3148.630741,46.02076271,13.28427481,46.8700098,33,10,9,9,0.54
2,39,0.92,0.8,30,33.5,6.955650148,4.5,760.2183675,42.093,12.98865672,46.80044181,71,6,3,3,1
2,40,3.36,1.75,99,167.5,58.38327649,4.5,1588.568544,47.12636364,13.70220896,39.41670267,51,6,10,8,0.86
2,41,5.06,1.3,70,67,29.38114553,4.5,4878.610333,76.40785714,12.98149254,46.84956034,61,6,2,2,1
2,42,7.64,2.3,85,132,45.72370265,4.5,3754.080426,80.80870588,14.09090909,31.34568616,46,10,10,6,0.72
2,43,1.75,1.5,90,115.5,36.82083768,4.5,775.436025,39.41,14.28571429,23.11069095,40,6,8,4,0.48
3,1,8.92,2.5,140,362.5,248.3616152,5.25,4925.880985,71.88378571,12.49588966,9.860203899,39,10,7,4,1
3,2,13.29,3.8,185,374.5,187.5979824,5.25,4766.11879,80.516,15.6753004,17.31244854,37,6,5,2,0.93
3,3,10.4,4.3,198,283.5,496.6232947,5.25,2638.514821,63.105,16.52063492,10.08376782,50,10,5,5,0.58
3,4,5.84,1.4,54,52.5,147.7450603,5.25,6393.281704,114.897963,16.24685714,6.44702829,39,6,3,2,0.36
3,5,9.84,3.6,152,198.8,74.21854709,5.25,3198.645135,87.15677632,16.30985915,24.9820304,50,6,4,4,0.72
3,6,1.7,0.5,25,47.5,5.674267051,5.25,4550.002485,60.4864,10.71157895,49.83440988,51,10,3,3,1
3,7,7.59,1.75,82,309,61.92431154,5.25,6828.380474,86.06902439,10.74873786,31.09130246,27,10,3,2,1
3,8,4.55,1.7,102,191.8,139.6258367,5.25,3093.750053,56.40431373,11.88613139,10.73344807,54,6,8,8,1
3,9,9.89,3,141,253,185.6231907,5.25,4325.872896,87.73184397,12.21628458,15.34257289,56,10,6,4,0.5
3,10,12.19,3.4,175,283,270.5262846,5.25,4965.381894,59.8088,13.65116608,8.486422443,64,6,4,2,0.93
3,11,1.38,0.6,33,55.5,5.952808082,5.25,2440.382858,48.42333333,14.91459459,49.81884111,33,6,5,2,0
3,12,0.92,0.2,15,37,3.441071337,5.25,7546.925715,62.13266667,9.055135135,21.34102807,41,6,5,2,0.2
3,13,3.96,1.25,82,73.5,12.24949178,5.25,4054.317775,67.98378049,16.5322449,49.6014932,49,10,7,2,1
3,14,6.39,3,96,121.5,48.86261025,5.25,2168.757533,74.74666667,14.38617284,27.66719774,53,10,11,9,0.83
3,15,0.83,0.3,21,30.3,73.3561814,5.25,3260.893003,48.43047619,14.07524752,5.026654327,52,6,5,5,1
3,16,2.35,0.6,27,132,57.09442914,5.25,5751.374431,61.75703704,10.25454545,9.178338551,47,6,5,4,0.67
3,17,16.47,4.05,250,536.5,494.9561064,5.25,6125.359835,67.49236,11.60723206,9.069744317,52,6,5,5,1
3,18,21.85,5.5,335,549,765.0475952,5.25,5889.819646,62.73328358,16.04765027,7.636136021,50,6,5,4,0.96
3,19,15.87,4,215,564,373.6320254,5.25,5876.843604,64.11874419,10.32,13.47507617,27,10,4,4,0.25
3,20,14.63,3.5,186,526,268.6574476,5.25,6415.447385,69.52392473,9.023726236,12.90030929,62,6,4,4,1
3,21,10.35,3.5,144,132,173.9352947,5.25,3627.33796,105.6438889,14.55090909,10.52490431,55,6,4,4,0.71
3,22,5.93,1.38,105,100.5,16.99104128,5.25,6721.979819,57.61447619,13.93910448,49.94394217,76,6,2,2,1
3,23,16.56,5.5,209,615.5,712.5980519,5.25,3734.08464,70.86779904,11.0864013,8.054554717,62,6,5,4,0.55
3,24,10.07,2.7,142,234,319.4587854,5.25,5300.932632,76.95612676,17.38153846,10.88809155,52,6,8,5,0
3,25,14.9,4.5,185,427,201.8654739,5.25,4356.879283,85.23978378,11.99943794,17.42766572,35,11,3,3,0.58
3,26,4.32,1.1,74,105,22.10853283,5.25,5777.445282,75.71351351,14.60342857,46.08913555,34,6,4,2,1
3,27,8.92,2.5,105,332.5,70.3371798,5.25,4925.880985,83.30247619,10.7195188,12.20478277,51,6,7,6,0.8
3,28,6.53,1.4,94,123.5,16.64930783,5.25,7727.956602,76.50765957,15.36388664,49.84556568,50,6,7,7,0.79
3,29,3.04,2,42,42,156.8580397,5.25,1314.003558,86.59857143,18.63428571,9.240106548,47,6,4,3,0.25
3,30,0.87,0.4,29,10.5,79.8756275,5.25,2239.240854,53.86,16.52571429,8.944155087,43,6,2,2,1
3,31,2.81,0.75,35,42,11.98266465,5.25,5341.233107,110.8634286,16.53142857,41.79440451,36,6,6,3,1
3,32,2.81,0.81,32,54.5,86.39167299,5.25,4702.962561,87.665,14.93284404,11.0003397,38,10,5,2,0.51
3,33,4.55,1.6,80,102,25.4416444,5.25,3406.98604,45.27675,13.03529412,57.05055763,54,6,6,6,0.81
3,34,1.15,1,31,23,8.488567488,5.25,886.9214288,48.63709677,15.27652174,49.97226178,56,6,4,2,0.5
3,35,6.95,2,122,105,343.4033083,5.25,4716.047687,62.23737705,16.51428571,7.23580682,45,6,6,4,0.67
3,36,2.94,1.1,69,67,75.26185298,5.25,3086.901905,46.18768116,15.73970149,11.27072968,39,6,5,4,0.36
3,37,5.52,1,51,194.5,18.69244083,5.25,10336.06766,120.1117647,11.91732648,49.60697349,48,10,4,3,1
3,38,16.24,4.6,219,375.5,84.57422322,5.25,4840.598866,74.3283105,13.26806924,56.44689739,34,10,9,9,0.54
3,39,1.38,0.8,27,21,5.644456721,5.25,1580.334643,40.36851852,16.52571429,50.04962048,72,6,3,3,1
3,40,4,1.75,78,151,171.8705769,5.25,2416.996629,68.79846154,17.2784106,9.998137054,52,6,10,8,0.86
3,41,5.06,1.3,73,68.5,92.34677248,5.25,5691.712055,58.26835616,10.76671533,10.81157439,62,6,2,2,1
3,42,7.54,2.3,83,161,113.917426,5.25,4286.515453,89.70012048,13.52496894,18.58237796,47,10,10,6,0.72
3,43,2.71,1,66,70.3,25.4717468,5.25,3155.404828,49.68818182,15.84409673,37.98789331,41,6,8,4,0.43
4,1,7.31,2.5,127,338,249.0312802,6.25,4240.788678,61.05385827,15.21514793,10.5285251,40,10,7,4,1
4,2,18.58,3.8,262,421,207.8418177,6.25,9974.429652,68.9129771,16.27211401,26.15097855,38,6,5,3,0.93
4,3,8.92,4.3,189,287,97.62340441,6.25,2479.892154,69.17333333,14.36905923,32.32469989,51,10,5,5,0.58
4,4,4.88,1.4,75,71,40.0290572,6.25,5642.856974,74.8,20.96788732,24.02763727,40,6,3,2,0.36
4,5,10.95,3.6,163,218,89.62360157,6.25,4518.815964,80.68368098,21.87633028,25.45870035,51,6,4,4,0.72
4,6,1.24,0.5,30,31,4.187988794,6.25,3266.50255,62.88266667,19.74967742,54.05912268,52,10,3,3,1
4,7,7.64,1.75,84,178,240.6951505,6.25,8219.995667,89.30571429,14.95146067,7.681766733,28,10,3,2,1
4,8,6.35,1.7,114,195,73.0092732,6.25,6326.566111,61.66526316,19.46461538,19.48966464,55,6,8,8,1
4,9,8.97,3,211,183,111.5562297,6.25,4395.712994,58.66085308,21.16590164,18.58934359,57,10,6,5,0.5
4,10,11.22,3.15,147,253,62.67951503,6.25,5847.613077,67.7447619,17.27051383,33.59435959,65,6,4,2,1
4,11,3.04,1.55,58,43,7.357518183,6.25,2278.088177,78.56689655,17.08465116,59.34114908,34,6,5,2,0
4,12,1.29,0.2,11,24.8,23.97689142,6.25,16177.49091,83.33818182,15.59032258,14.08866607,42,6,5,2,0.2
4,13,3.45,1.25,111,81,7.40112123,6.25,3867.141225,50.78990991,21.08444444,51.32705413,50,10,7,2,1
4,14,5.98,1.8,114,111,53.82399866,6.25,5215.240363,64.95438596,10.56648649,13.89828457,54,10,11,10,1
4,15,1.01,0.3,20,20,16.46712269,6.25,5329.898354,51.592,21.912,8.655225892,53,6,5,5,1
4,16,1.84,0.6,27,31,12.25655477,6.25,4578.956917,62.18666667,19.74967742,10.87747896,48,6,5,5,0.67
4,17,17.99,3.55,200,467,223.9956879,6.25,10608.62605,90.96,14.98689507,13.80570922,53,6,5,5,1
4,18,20.24,5.5,304,569.6,636.9269187,6.25,6171.8683,63.44368421,17.11811798,9.69865718,51,6,5,4,1
4,19,6.21,4,206,352,275.3197997,6.25,1612.873814,60.04038835,15.67090909,26.52009139,28,10,4,3,0.25
4,20,12.42,3.5,175,437.3,340.1916853,6.25,5811.52933,62.0096,15.76821404,12.15919268,63,6,4,4,1
4,21,4.46,3.5,112,106,67.65230841,6.25,1217.482949,85.20142857,17.99773585,49.38622562,56,6,4,4,0.71
4,22,6.44,1.38,120,99.5,7.855700403,6.25,9207.977917,97.36333333,15.93165829,55.28580874,77,6,2,2,1
4,23,8.28,5.5,178,532,514.8489635,6.25,1542.751412,54.11280899,16.48646617,18.34930372,63,6,5,4,0.55
4,24,6.55,2.7,129,82,293.2782802,6.25,3155.925616,98.59658915,30.57365854,7.626675134,53,6,8,5,0
4,25,14.86,4.5,174,346.3,109.1579295,6.25,5164.030934,104.7452874,20.95477909,30.38805808,36,11,2,2,0.58
4,26,3.17,1.1,71,123,155.6377879,6.25,4143.142679,61.19211268,16.8195122,9.562649832,35,6,4,2,1
4,27,3.73,1.3,55,154,12.73354429,6.25,4114.211105,81.49090909,20.16935065,42.50099743,52,6,7,6,0.62
4,28,5.66,1.3,91,191,12.66221669,6.25,8182.148121,81.02241758,14.30575916,39.85368538,51,6,7,7,0.62
4,29,6.9,2,80,126,85.14806097,6.25,5548.076531,86.188,18.61714286,15.34353789,48,6,4,3,0.25
4,30,1.2,0.4,26,20,23.47430994,6.25,4419.414375,64.49230769,21.912,9.229614584,44,6,2,2,1
4,31,2.53,0.75,72,56,4.952458835,6.25,5347.199275,55.57888889,14.49857143,57.44239232,37,6,6,3,1
4,32,3.53,0.81,72,69.3,70.7751032,6.25,8195.463863,52.25222222,12.77575758,6.367852483,39,10,5,2,0.51
4,33,2.3,0.6,51,41,41.05121596,6.25,6605.362813,59.74901961,12.57365854,11.64875564,55,6,6,6,1
4,34,1.66,1,63,10,5.672869047,6.25,1778.089288,54.24507937,21.912,52.48600797,57,6,4,2,0.5
4,35,6.49,2,121,111,163.8611131,6.25,5018.840716,70.90512397,21.30810811,13.10718241,46,6,6,5,1
4,36,4.83,2.1,104,165,98.5408476,6.25,2905.217688,64.59384615,16.09018182,17.45014758,40,6,5,4,0.19
4,37,5.75,1,59,264,5.681526449,6.25,13214.29422,161.799322,15.62272727,55.18015322,49,10,4,3,1
4,38,12.17,4.6,139,193,151.8672573,6.25,3616.166754,98.59280576,16.93181347,52.11156751,35,10,9,9,0.54
4,39,1.84,0.8,34,20,4.532880182,6.25,2905.217688,105.44,21.912,59.0608118,73,6,3,3,1
4,40,4.46,1.75,99,151.5,59.93773461,6.25,3409.248348,67.36242424,18.37623762,16.85420584,53,6,10,8,0.86
4,41,3.68,1.3,62,30,83.84436773,6.25,4026.398101,78.44516129,21.912,13.53441439,63,6,2,2,1
4,42,5.11,2.3,60,114.9,150.7763894,6.25,2754.200829,128.7973333,12.87310705,8.154040264,48,10,10,6,0.72
4,43,3.31,2,67,68,14.27849946,6.25,1770.251097,71.5080597,18.85764706,44.6504902,42,6,8,5,0.52
5,1,7.54,2.5,145,337.5,225.9383691,6.25,4457.461385,80.92082759,15.0208,11.54059369,41,10,7,4,1
5,2,17.07,3.8,174,595.7,250.4460043,6.25,8628.299696,103.9227586,13.30938392,18.5134966,39,6,5,3,0.93
5,3,7.36,4.3,215,294,552.6964813,6.25,1859.900237,56.60353488,13.27836735,14.20110588,52,10,5,5,0.58
5,4,4.46,1.4,74,69.8,28.36345482,6.25,4870.486966,89.77945946,18.61547278,26.51822876,41,6,3,2,0.36
5,5,8,3.6,145,221.3,144.248055,6.25,2755.121759,86.9782069,18.09380931,18.18135781,52,6,4,4,0.72
5,6,1.56,0.5,37,28.5,2.821707304,6.25,4708.51095,47.82702703,18.00421053,57.46520902,53,10,4,4,1
5,7,6.58,1.75,93,240,230.366792,6.25,6396.27935,74.33462366,14.337,6.970027317,29,10,3,2,1
5,8,5.84,1.7,100,172.5,56.06430249,6.25,5509.271732,65.3472,16.16556522,26.77676079,56,6,4,4,1
5,9,8.42,3,136,210,175.2380987,6.25,3971.821004,79.12529412,17.952,26.47201171,58,10,6,5,0.5
5,10,5.7,2.7,142,283.5,113.1815155,6.25,2546.995301,70.31098592,14.36021164,17.78080907,66,6,4,2,0.91
5,11,1.98,1.55,50,43.5,8.376547662,6.25,1221.677796,51.2272,15.89517241,60.6921376,35,6,6,3,0
5,12,0.78,0.2,18,26.4,2.886493586,6.25,6798.238688,101.6888889,13.18181818,17.54446996,43,6,5,2,0.2
5,13,3.04,1.25,85,147,6.757506683,6.25,3168.25912,57.63576471,16.92081633,51.38166086,51,10,7,4,1
5,14,5.29,1.8,83,97.5,75.79276266,6.25,4275.509638,83.07180723,15.33046154,13.17523554,55,10,7,6,1
5,15,1.01,0.3,21,21,56.09030989,6.25,5329.898354,53.80190476,18.59428571,3.396501708,54,6,5,5,1
5,16,2.21,0.6,27,42,8.206056465,6.25,6181.142094,76.80296296,17.66285714,37.53081658,49,6,5,5,0.67
5,17,19.92,3.55,216,414,502.1308177,6.25,12661.92864,73.5062963,14.4,7.908581509,54,6,5,5,1
5,18,21.07,5.5,381,557.3,826.1568628,6.25,6598.399392,47.13742782,15.56059573,9.3585233,52,6,5,4,1
5,19,12.93,4,199,306,208.8787007,6.25,4987.385864,80.87236181,14.57882353,31.83810338,29,10,5,3,0.25
5,20,12.93,3.5,212,331.5,532.0960548,6.25,6211.660069,47.54754717,13.72742081,8.730063006,64,6,3,3,1
5,21,7.87,3.5,156,126,31.05628785,6.25,2805.564053,54.53435897,17.88,94.11658216,57,6,3,3,0.71
5,22,3.13,1.38,86,131.3,26.20503693,6.25,2843.248696,39.29116279,17.54211729,50.54406793,78,6,2,2,1
5,23,15.18,5.5,224,540,445.0959177,6.25,3867.141225,79.04964286,16.21377778,27.01081277,64,6,3,2,0.55
5,24,3.91,2.7,139.7,202.8,198.051875,6.25,1459.128832,69.31195419,15.3428501,12.97742994,54,6,6,3,0.52
5,25,8.6,4.5,220,577.5,265.7500435,6.25,2191.034343,57.01236364,17.86555844,12.6757709,37,11,2,2,0.58
5,26,4.09,1.1,46,121.5,124.2493568,6.25,6278.494566,101.7756522,16.11259259,11.89475373,36,6,4,2,1
5,27,2.76,1.3,54,87,12.70560293,6.25,2569.053013,105.9555556,16.15448276,55.31024415,53,6,7,7,0.62
5,28,5.29,1.3,78,144,8.335615332,6.25,7299.823009,75.32,14.87166667,54.91571189,52,6,5,5,0.62
5,29,3.17,2,90,73.5,31.38595524,6.25,1662.091428,48.82311111,19.12163265,46.33585274,49,6,4,3,0.25
5,30,1.06,0.4,20,21,16.91934756,6.25,3625.566031,67.196,18.05714286,11.36111578,45,6,2,2,1
5,31,2.35,0.75,32,31.5,3.53514408,6.25,4741.166125,83.52,20.18285714,51.95695824,38,6,6,3,1
5,32,2.38,0.81,36,67.2,15.99871307,6.25,4274.067486,74.56666667,13.23571429,17.25929967,40,10,5,2,0.51
5,33,5.15,1.4,52,132,150.5525182,6.25,6167.895858,105.5369231,11.50909091,7.959752282,56,6,6,6,1
5,34,0.6,1,18,10.5,13.37664378,6.25,451.882875,74.48,21.25714286,17.64266039,58,6,3,1,0.5
5,35,5.61,2,135,261,302.0083387,6.25,3968.059941,55.69422222,16.15448276,8.25192447,47,6,6,5,1
5,36,4.83,2.1,120,133.5,96.11230385,6.25,2905.217688,65.346,16.75146067,17.13046805,41,6,5,4,0.19
5,37,3.17,1,60,63,5.643414607,6.25,4831.517856,68.07333333,19.12,62.76341978,50,10,4,3,1
5,38,9.89,4.6,193,379.5,100.9451045,6.25,2618.996969,49.70569948,16.01833992,71.84410235,36,10,4,2,0.54
5,39,1.61,0.4,22,21,4.514731686,6.25,7167.068453,71.26181818,19.12,53.30815135,74,6,3,3,1
5,40,4.83,1.75,124,150,187.452867,6.25,3867.141225,70.07032258,17.9968,7.419049417,54,6,14,7,0.86
5,41,2.3,1.3,50,31.5,84.59732687,6.25,1953.06686,38.2816,32.39619048,14.03549569,64,6,2,2,1
5,42,3.59,1.65,62,99.8,158.842322,6.25,2667.185926,110.9032258,20.17154309,13.35324536,49,10,10,6,0.72
5,43,5.61,2,96,94.5,168.8762942,6.25,3968.059941,84.12416667,19.65206349,9.906734833,43,6,8,5,0.48
6,1,4.51,2.5,123,207.2,291.9649051,9,2894.783008,33.31447154,13.91119691,8.470425864,42,10,7,4,1
6,2,16.61,4.25,244,234.8,225.9975398,9,9824.039399,38.59229508,26.7516184,20.63920514,40,6,4,2,0.84
6,3,10.17,2.8,119,361.8,219.4118209,9,8696.819617,37.74386555,11.69883914,11.35962801,53,10,5,5,0.58
6,4,4.37,1.4,84,116.5,150.6671657,9,6785.286648,42.25428571,11.90935622,7.589496435,42,6,3,2,0.36
6,5,8.92,3.4,180,146.6,146.7201436,9,5138.664048,28.37711111,24.91350614,25.27716707,53,6,4,4,0.71
6,6,1.47,0.5,18,35.7,37.08208662,9,6160.472766,53.90888889,17.78823529,10.13926222,54,10,4,4,1
6,7,13.06,3.75,211,555,271.2654535,9,8114.024414,27.07924171,11.00108108,16.00184719,30,10,3,2,0.47
6,8,4.91,1.7,89,299.5,97.11544182,9,5987.417321,22.95955056,11.31806344,16.34086166,57,6,4,4,1
6,9,7.82,3,200,189,257.4681167,9,5086.646466,38.6976,13.22920635,18.79779353,59,10,6,6,1
6,10,10.58,2.7,132,290.1,153.729382,9,9867.295541,42.24424242,12.92740434,19.00539688,67,6,4,2,0.91
6,11,4,1.55,61,95.6,22.59001394,9,5006.858348,56.51672131,12.77573222,89.4120003,36,6,7,4,0
6,12,1.17,0.25,17,11.6,38.189999,9,13324.32925,59.15294118,12.16551724,9.764587409,44,6,5,2,0.2
6,13,3.5,1.25,87,69.4,106.0788546,9,5697.77292,41.82114943,18.5221902,14.88258433,52,10,7,4,1
6,14,5.2,1.6,89,130,55.22560444,9,7245.286425,34.58516854,13.20369231,24.66867523,56,10,7,6,1
6,15,0.97,0.3,16,22.3,69.07973845,9,7184.85111,27.385,15.1103139,3.562024923,55,6,5,5,1
6,16,2.3,0.6,38,23.8,11.0658452,9,9511.72245,42.96631579,13.83529412,59.66466979,50,6,5,5,0.67
6,17,19.73,3.55,232,609.3,373.6081655,9,17930.76505,36.04862069,12.36159527,15.98147061,55,6,6,6,1
6,18,26.54,7,437,845.1,885.2337984,9,9339.107682,39.6821968,11.23833866,9.108494386,53,6,4,3,1
6,19,16,4,217,378.6,355.43745,9,10213.2756,40.66451613,12.95974643,17.44204923,30,10,5,3,0.25
6,20,12.37,3.5,224,428.1,541.5047473,9,8313.100618,43.73517857,11.65858444,10.38855466,65,6,2,2,1
6,21,14.16,3.5,180,260,79.8545268,9,10409.89583,40.61977778,11.16369231,58.49041192,58,6,4,3,0.71
6,22,3.68,1.38,110,140.5,92.86483448,9,5272.8504,44.64109091,12.69010676,14.63902266,79,6,2,2,1
6,23,18,5.5,274,745,323.5194579,9,7328.084995,27.50525547,12.22485906,17.46922618,65,6,3,3,0.55
6,24,8.6,2.7,178,272.4,221.3544402,9,7011.608348,37.30539326,11.74008811,10.56941753,54,6,3,3,0.52
6,25,12.05,4.5,234,707.8,232.9544916,9,5307.673943,32.99487179,13.00028257,43.48536387,38,11,2,2,0.58
6,26,4.14,1.1,48,131.4,87.65200662,9,9225.462372,48.2575,12.52785388,14.59993197,37,6,4,2,1
6,27,5.11,1.3,64,202.9,22.08863027,9,9918.947132,39.27,11.12587482,83.35726998,54,6,6,6,0.62
6,28,5.38,1.3,91,172.4,111.3878937,9,10814.35573,34.96175824,12.38839907,16.09821116,53,6,5,5,0.62
6,29,2.66,1.5,201,179.5,62.63906983,9,2822.080716,59.63800995,13.01214485,26.73878972,50,6,4,4,0.25
6,30,0.95,0.4,16,22.3,50.00270006,9,4396.882388,70.385,13.35605381,12.49805842,46,6,2,2,1
6,31,3.13,0.75,31,69.8,11.29016398,9,10968.35008,93.38580645,12.80114613,95.86194545,39,6,6,4,1
6,32,1.51,0.61,50,70.6,10.55344115,9,4690.148989,27.2064,12.54390935,87.63523859,41,10,5,2,0.51
6,33,2.54,0.6,29,91.3,8.466635885,9,11235.77001,34.82758621,12.16560789,82.62908978,57,6,6,6,1
6,34,2,1,46,73.1,14.10978705,9,3378.6378,26.28956522,11.63556772,105.0786293,59,6,3,1,0.5
6,35,7.77,2.4,152,256,204.2347149,9,7199.937439,38.00947368,13.1953125,18.01824355,48,6,6,6,0.92
6,36,4.83,2.1,92,118,93.90750602,9,4183.51347,36.71565217,14.08067797,29.06935717,42,6,5,4,0.19
6,37,3.91,1,61,121.4,11.29027401,9,9831.456099,28.40786885,12.26688633,98.52447624,51,10,4,4,1
6,38,2.9,0.6,37,69.7,63.28644595,9,14081.04135,37.41189189,11.92080344,12.83472558,37,10,4,2,1
6,39,1.53,0.4,20,31.9,9.364983436,9,9477.274793,27.288,15.48338558,38.5499881,75,6,3,3,1
6,40,5.11,1.75,158,149,265.7947177,9,6093.335988,30.61924051,16.04456376,8.658668438,55,6,3,3,0.86
6,41,4.6,1.3,73,22.7,83.19906599,9,8329.30593,37.54684932,29.00088106,18.43558857,65,6,2,2,1
6,42,7.22,2.3,126,237,100.6342405,9,6847.772108,38.78,14.94886076,27.13871692,50,10,10,7,0.72
6,43,7.78,1.75,97,129.4,92.61897856,9,12207.34224,57.35793814,15.26429675,24.53736662,44,6,8,6,0.48
7,1,4.37,2.25,124,345,283.1440423,8,2873.382081,48.93032258,10.92730435,8.072991983,43,10,7,4,1
7,2,12.28,4.25,160,479,338.2925189,8,5325.621946,72.44425,14.74321503,13.2955263,41,6,4,2,0.84
7,3,5.43,4.3,163,250.5,449.4164373,8,1538.746364,74.81521472,13.10850299,10.19284036,54,10,5,5,0.58
7,4,4.14,1.4,64,134.2,26.42184375,8,5527.372129,86.49875,10.59970194,35.57561471,43,6,3,2,0.36
7,5,9.2,3.4,148,262.8,95.88783101,8,4796.651687,55.55378378,19.72876712,29.60460384,54,6,4,4,0.71
7,6,1.01,0.5,16,44.8,7.93266312,8,3048.779536,99.4575,12.075,62.04930709,55,6,4,4,1
7,7,9.94,3.75,141,415,127.2181274,8,4642.570569,107.031773,13.62737349,30.43363129,31,10,3,2,0.47
7,8,4.28,1.7,143,210.2,161.4654082,8,4280.990117,48.74797203,11.67117031,9.763559273,58,6,4,4,1
7,9,7.82,3,97,231.8,179.9093744,8,4521.463525,97.89690722,15.48714409,21.4157059,60,10,6,6,1
7,10,8.6,2.7,179,331,168.6487705,8,6232.540754,75.07083799,12.83456193,17.07195221,68,6,4,2,0.91
7,11,1.93,1.55,59,82.1,22.59647874,8,1508.835071,71.31389831,14.60755177,90.23194234,37,6,7,5,0
7,12,1.43,0.25,27,23.1,5.686970998,8,16760.1537,82.84148148,11.87532468,81.79046458,45,6,5,2,0.2
7,13,3.65,1.25,54,135.5,37.52181495,8,5416.298656,84.55185185,12.66774908,41.23477908,53,10,7,4,1
7,14,5.06,1.4,63,101.8,89.18328107,8,7667.71623,94.46285714,12.62711198,22.27576525,57,10,7,6,1
7,15,0.37,0.3,13,27.9,13.46996108,8,1488.90072,91.03384615,16.71397849,13.6251631,56,6,5,5,1
7,16,1.79,0.6,19,22.1,8.214146202,8,5606.33012,116.7178947,14.15022624,52.26841671,51,6,5,5,0.67
7,17,10.12,3.55,178,1005.6,216.0066943,8,5211.90611,84.26,11.924821,30.73898175,56,6,6,6,1
7,18,22.72,7,387,730.2,1083.379188,8,6426.420438,67.66098191,13.2430567,9.540570017,54,6,4,3,1
7,19,6.44,4,270,478,355.437045,8,2176.489448,57.81940741,12.2651046,17.82972331,31,10,5,3,0.25
7,20,11.22,3.5,200,445,477.6012541,8,6297.981823,63.0172,12.32898876,12.05129443,66,6,2,2,1
7,21,11.27,3.5,140,215.9,74.12988637,8,6343.711696,105.6882857,12.56137101,50.57081474,59,6,4,3,0.71
7,22,3.91,1.38,108,170.1,16.95702416,8,5161.2476,47.46148148,13.75379189,90.02252707,80,6,2,2,1
7,23,10.58,5.5,291,1030.9,343.4017433,8,2832.156668,62.12247423,14.29360753,19.07977477,66,6,2,2,0.55
7,24,4.88,2.7,134,179.5,294.9061707,8,2580.365508,54.37044776,13.53626741,8.961970548,55,6,6,3,0.52
7,25,10.44,4.5,176,335,166.0801207,8,3768.832576,73.54477273,13.58185075,32.51048586,39,11,2,2,0.58
7,26,3.22,1.1,43,120.2,48.98325142,8,5437.963889,83.28930233,16.62828619,25.85048556,38,6,4,2,1
7,27,3.31,1.3,67,197,19.63928082,8,4357.33461,70.53671642,11.93664975,98.67664456,55,6,6,6,0.62
7,28,2.53,0.5,44,67.8,8.589680641,8,13543.88341,78.02,10.86725664,82.9336712,54,6,5,5,0.62
7,29,3.63,1.5,68,143.9,94.46201556,8,4024.210256,114.6488235,16.55983322,25.15745335,51,6,4,4,0.33
7,30,1.06,0.4,27,35.7,87.5080281,8,4640.72452,73.7437037,12.07394958,11.26804235,47,6,2,2,1
7,31,1.06,0.75,26,48.1,11.28855161,8,1803.889344,77.92923077,12.05987526,88.30480363,40,6,6,4,1
7,32,1.84,0.61,30,90.5,11.29065456,8,5706.750595,76.94666667,12.81679558,79.54668723,42,10,5,2,0.51
7,33,1.33,0.6,23,57.6,10.75055861,8,3513.010573,64.7826087,12.825,54.82951519,58,6,6,6,1
7,34,1.89,1,48,83.9,21.50985579,8,2758.222152,58.44916667,14.01382598,66.21941187,60,6,3,1,0.5
7,35,8.91,2.4,146,224.9,382.8266069,8,8016.09237,79.15178082,13.87069809,13.75836538,49,6,6,6,0.92
7,36,3.82,2.1,89,138.3,60.07913883,8,2605.114642,71.35775281,15.35791757,42.76206295,43,6,5,5,0.19
7,37,2.21,1,43,44,11.28933029,8,3496.787528,88.0827907,23.16,100.7537623,52,10,4,4,1
7,38,2.35,0.6,33,68.2,74.69918914,8,8763.999133,77.95030303,13.5026393,12.13970674,38,10,4,2,1
7,39,1.1,0.4,27,46.1,5.665192803,8,4921.4462,70.35259259,12.83817787,93.44430427,76,6,3,3,1
7,40,2.76,1.5,78,156.3,178.1848816,8,2649.925312,47.12512821,13.33896353,15.88129265,56,6,3,3,0.86
7,41,2.76,1.3,50,36.5,16.93805031,8,3288.387857,83.048,11.59890411,92.62451824,66,6,2,2,1
7,42,4.97,2.3,74,157.1,161.5688641,8,3378.28341,86.12756757,20.75518778,14.31842502,51,10,10,7,0.72
7,43,3.7,1.75,35,107.1,26.36301095,8,3267.633887,162.4434286,8.04929972,77.23989698,45,6,8,6,0.48
8,1,7.27,2.15,87,222.8,234.8440988,8,6871.240885,100.2022989,11.04021544,13.23599897,44,10,6,3,1
8,2,14.2,3.75,133,170,303.8716323,8,8284.078549,116.247218,25.00517647,11.28995098,42,6,4,2,0.81
8,3,10.95,3.55,147,246.5,317.4872723,8,5916.292724,97.34857143,13.23553753,13.99645609,55,10,6,6,0.7
8,4,3.91,1.4,54,104.7,219.3939663,8,5044.106512,117.0237037,15.33524355,8.390782638,44,10,3,2,0.36
8,5,11.04,3.1,225,164.3,205.691743,8,7482.813295,57.91786667,14.49786975,17.32377512,55,6,4,4,0.71
8,6,1.84,0.5,39,59.8,71.87858833,8,7899.991424,77.99794872,12.70234114,8.284282063,56,6,4,4,1
8,7,8.28,1.75,87,310,44.88251372,8,12067.43936,90.29977011,11.94425806,36.97999204,32,10,4,2,0.47
8,8,6.62,1.7,100,205.5,103.0617925,8,8679.824591,82.2704,13.54627737,20.42959648,59,6,4,4,1
8,9,8.65,3,91,172,179.9397463,8,5307.68844,114.8123077,17.36372093,21.97163262,61,10,6,6,1
8,10,12.56,2.7,209,320.5,182.8030967,8,11722.33132,67.5138756,13.07906396,24.21539029,69,6,4,2,0.91
8,11,3.83,1.55,57,98.9,72.84285169,8,4157.325175,109.4049123,11.51951466,23.53210201,38,6,7,5,0
8,12,1.7,0.25,20,30.6,21.63645163,8,22744.75424,219.556,15.23137255,21.18533226,46,6,5,2,0.2
8,13,4.74,1.25,76,129.6,150.2771103,8,8303.512282,71.91473684,12.78703704,9.392390145,54,10,7,5,1
8,14,4.88,1.4,70,121.6,154.5035827,8,7222.856927,79.58171429,13.13092105,12.20903188,58,10,7,7,1
8,15,0.69,0.3,16,22.7,14.24256183,8,3718.67864,104.13,16.72599119,18.46607161,57,6,5,5,1
8,16,1.98,0.6,27,23.1,8.468640439,8,6602.69544,108.5185185,24.66493506,92.62924263,52,6,5,5,0.67
8,17,14.03,3.55,144,445,423.6130236,8,8897.106983,94.13666667,15.32224719,12.16280673,57,6,6,6,1
8,18,31.1,7,407,624.9,951.4707108,8,10839.1228,74.45346437,12.49351896,9.139539961,55,6,4,4,1
8,19,21.7,4,192,515.5,337.2236996,8,15281.23114,106.5754167,12.33893307,19.20358556,32,10,5,3,0.25
8,20,14.81,3.5,212,391.7,340.5989131,8,9979.762386,76.61132075,15.695277,20.35924363,67,6,4,4,1
8,21,9.43,3.5,176,199.5,275.7501126,8,4764.09666,94.46227273,14.10406015,12.06454932,60,6,4,3,0.71
8,22,4.6,1.38,64,192.5,47.4838994,8,6712.056,82.525,13.49485714,33.80700308,81,6,2,2,1
8,23,19.09,5.5,341,660,342.8709373,8,7172.445829,69.7998827,13.18218182,18.64952709,67,6,2,2,0.55
8,24,5.15,2.7,181,269,196.0232148,8,2796.376077,54.20685083,12.44877323,14.38073931,56,6,5,2,0.52
8,25,16.05,4.5,166,267.8,154.1210268,8,7501.473253,118.8183133,15.24331591,34.84173084,40,11,2,2,0.58
8,26,4.28,1.1,42,139.7,105.4653429,8,8667.878921,111.7885714,19.46113099,12.43915344,39,6,4,2,1
8,27,9.34,2.5,122,188.6,28.22933458,8,8100.547629,83.37442623,15.80360551,97.75584657,56,6,5,5,0.8
8,28,2.76,0.5,41,70.2,8.469020987,8,15750.19834,84.63219512,11.92820513,88.7801358,55,6,5,5,1
8,29,6.05,2,61,174,54.0329876,8,5733.03082,100.6491803,13.09655172,36.65388197,52,6,4,4,0.25
8,30,0.09,0.25,8,13,28.48237508,8,313.868448,70.57,14.60307692,16.54275958,48,14,4,4,1
8,31,3.62,0.75,22,48.1,10.4307419,8,12486.86082,125.5309091,11.84532225,93.0537836,41,6,6,5,1
8,32,6.16,0.81,43,73.2,77.52756939,8,27787.78355,141.1367442,13.08852459,13.06600789,43,10,5,2,0.74
8,33,2.8,0.6,36,47.7,24.45401993,8,11786.21173,84.2,11.94465409,30.22163304,59,6,6,6,1
8,34,1.93,1,28,170.3,13.57496782,8,2846.242024,94.03428571,13.58261891,73.70496294,61,6,3,1,0.5
8,35,10.72,2.4,136,216.3,366.7891624,8,10938.04837,83.88,16.12094313,8.92714717,50,6,6,6,0.92
8,36,7.64,2.1,86,204.4,47.98072139,8,7751.49078,87.12744186,13.09080235,83.19680039,44,6,5,5,0.19
8,37,3.22,1,54,67.5,16.93706082,8,6343.711696,90.8,13.80977778,88.82097469,53,10,4,4,1
8,38,3.68,0.6,26,73.4,74.69893671,8,18944.74304,124.5876923,12.46430518,11.50507229,39,10,4,2,1
8,39,1.52,0.8,26,24.4,11.2921263,8,2780.11192,100.8430769,15.56065574,93.68792074,77,6,4,3,1
8,40,5.5,1.75,62,180.9,171.6817047,8,6098.632392,99.18451613,14.33764511,10.61814024,57,6,10,5,0.86
8,41,5.29,1.3,51,54.2,83.1649644,8,9343.773452,109.4792157,22.29520295,17.15897847,67,6,2,2,1
8,42,7.68,2.3,82,205,210.9297046,8,6731.162336,104.8858537,11.45209756,12.81172878,52,10,10,7,0.72
8,43,7.73,2,81,118.4,28.86061358,8,8571.707332,88.90666667,17.64121622,85.60103294,46,6,8,6,0.6
